name,Description
Adpiler,Launch ads on Adwords if someone is bidding on your brand name
Click Pirates,Launch ads on Adwords if someone is bidding on your brand name
BotRevenue,Launch ads on Adwords if someone is bidding on your brand name
#paid,Launch ads on Adwords if someone is bidding on your brand name
Hexagram,Launch ads on Adwords if someone is bidding on your brand name
CrowdEngage,Launch ads on Adwords if someone is bidding on your brand name
Swipify,Discover new ad concepts and stay on top of creative trends with Swipify
Adspott,Discover new ad concepts and stay on top of creative trends with Swipify
Creatify AI,Discover new ad concepts and stay on top of creative trends with Swipify
ppciri,Discover new ad concepts and stay on top of creative trends with Swipify
StatsDrone,Discover new ad concepts and stay on top of creative trends with Swipify
Uplify,Discover new ad concepts and stay on top of creative trends with Swipify
Traek.io,Discover new ad concepts and stay on top of creative trends with Swipify
adbuq,Discover new ad concepts and stay on top of creative trends with Swipify
GetRank.io,Discover new ad concepts and stay on top of creative trends with Swipify
Pencil,Discover new ad concepts and stay on top of creative trends with Swipify
Sidekick Network,Discover new ad concepts and stay on top of creative trends with Swipify
Pudding.ai,Discover new ad concepts and stay on top of creative trends with Swipify